{
  "burst": {
    "1": {
      "native_ms": 1113.019707991043,
      "wasm_ms": 113.67562497616746,
      "speedup": 9.791190576030631
    },
    "5": {
      "native_ms": 957.0935840019956,
      "wasm_ms": 124.18345900368877,
      "speedup": 7.707093937313873
    },
    "10": {
      "native_ms": 2065.2199999894947,
      "wasm_ms": 146.24241602723487,
      "speedup": 14.121894701225989
    },
    "20": {
      "native_ms": 1921.76779100555,
      "wasm_ms": 284.4882079807576,
      "speedup": 6.755175564730387
    },
    "50": {
      "native_ms": 4656.905999989249,
      "wasm_ms": 624.2836659948807,
      "speedup": 7.459599303415759
    }
  },
  "single": {
    "1": {
      "native_ms": 1008.9075000141747,
      "wasm_ms": 111.53558301157318,
      "speedup": 9.045611030781883,
      "wasm_qps": 8.965748624779572
    },
    "5": {
      "native_ms": 1239.385624998249,
      "wasm_ms": 119.08250002306886,
      "speedup": 10.407789765567177,
      "wasm_qps": 41.987697596467925
    },
    "10": {
      "native_ms": 1737.289457989391,
      "wasm_ms": 152.39720800309442,
      "speedup": 11.399745971423016,
      "wasm_qps": 65.6180000344688
    },
    "20": {
      "native_ms": 2475.957875023596,
      "wasm_ms": 290.89883400592953,
      "speedup": 8.511405291411815,
      "wasm_qps": 68.7524240801609
    },
    "50": {
      "native_ms": 5910.284834011691,
      "wasm_ms": 731.058875011513,
      "speedup": 8.084553838319264,
      "wasm_qps": 68.39394433069782
    }
  },
  "multi": {
    "1": {
      "native_ms": 1477.401624986669,
      "wasm_ms": 112.76524999993853,
      "speedup": 13.101568302180631
    },
    "5": {
      "native_ms": 1618.0803749884944,
      "wasm_ms": 124.00162502308376,
      "speedup": 13.048864276474422
    },
    "10": {
      "native_ms": 1934.0020830277354,
      "wasm_ms": 166.0210419795476,
      "speedup": 11.64913832588756
    },
    "20": {
      "native_ms": 3469.3502919981256,
      "wasm_ms": 318.74829198932275,
      "speedup": 10.884294533300087
    }
  },
  "mixed": {
    "native": [
      2269.35395898181,
      2350.9343749901745,
      2305.3634999960195
    ],
    "pywasm": [
      302.2077909845393,
      288.65583302103914,
      288.50966700701974
    ]
  },
  "pool": {
    "1": {
      "native_ms": 52705.73208399583,
      "wasm_ms": 5774.836750002578,
      "speedup": 9.126791693976855,
      "wasm_tps": 8.65825341296058
    },
    "5": {
      "native_ms": 11978.01762499148,
      "wasm_ms": 1184.179458010476,
      "speedup": 10.115035811477076,
      "wasm_tps": 42.22332997061469
    },
    "10": {
      "native_ms": 6988.4628749859985,
      "wasm_ms": 704.8065419949125,
      "speedup": 9.915434177448999,
      "wasm_tps": 70.94145275450765
    },
    "20": {
      "native_ms": 5539.369499980239,
      "wasm_ms": 665.5190409801435,
      "speedup": 8.32338244120278,
      "wasm_tps": 75.12933052428143
    }
  },
  "scale": {
    "1": {
      "native_ms": 913.1172499910463,
      "wasm_ms": 112.30795801384374,
      "speedup": 8.130476825858503,
      "native_per_agent": 913.1172499910463,
      "wasm_per_agent": 112.30795801384374
    },
    "5": {
      "native_ms": 1429.7787089890335,
      "wasm_ms": 119.62149999453686,
      "speedup": 11.952522824528465,
      "native_per_agent": 285.9557417978067,
      "wasm_per_agent": 23.924299998907372
    },
    "10": {
      "native_ms": 1501.6793750110082,
      "wasm_ms": 150.15379199758172,
      "speedup": 10.0009420676848,
      "native_per_agent": 150.16793750110082,
      "wasm_per_agent": 15.015379199758172
    },
    "15": {
      "native_ms": 1894.7503330127802,
      "wasm_ms": 217.9490840062499,
      "speedup": 8.693545750155327,
      "native_per_agent": 126.31668886751868,
      "wasm_per_agent": 14.529938933749994
    },
    "20": {
      "native_ms": 2109.941542003071,
      "wasm_ms": 275.028417003341,
      "speedup": 7.671721944199823,
      "native_per_agent": 105.49707710015355,
      "wasm_per_agent": 13.751420850167051
    },
    "25": {
      "native_ms": 2609.3493750086054,
      "wasm_ms": 316.6475410107523,
      "speedup": 8.240548360740311,
      "native_per_agent": 104.37397500034422,
      "wasm_per_agent": 12.665901640430093
    },
    "30": {
      "native_ms": 3036.8061249901075,
      "wasm_ms": 377.67233297927305,
      "speedup": 8.040848798836343,
      "native_per_agent": 101.22687083300359,
      "wasm_per_agent": 12.589077765975768
    },
    "35": {
      "native_ms": 3642.62245799182,
      "wasm_ms": 462.0619580091443,
      "speedup": 7.883406964915583,
      "native_per_agent": 104.07492737119485,
      "wasm_per_agent": 13.201770228832695
    },
    "40": {
      "native_ms": 4165.350875002332,
      "wasm_ms": 517.0158330001868,
      "speedup": 8.056524789253073,
      "native_per_agent": 104.1337718750583,
      "wasm_per_agent": 12.92539582500467
    },
    "45": {
      "native_ms": 4666.505000001052,
      "wasm_ms": 574.0999589907005,
      "speedup": 8.12838413750286,
      "native_per_agent": 103.7001111111345,
      "wasm_per_agent": 12.757776866460013
    },
    "50": {
      "native_ms": 5458.712249994278,
      "wasm_ms": 644.2115000099875,
      "speedup": 8.473478430468331,
      "native_per_agent": 109.17424499988556,
      "wasm_per_agent": 12.88423000019975
    }
  },
  "sustained": {
    "1": {
      "native_ms": 3079.541958984919,
      "wasm_ms": 292.2633329872042,
      "speedup": 10.536874152187085
    },
    "2": {
      "native_ms": 2812.2246249986347,
      "wasm_ms": 282.69154200097546,
      "speedup": 9.948032421107706
    },
    "3": {
      "native_ms": 3064.638042007573,
      "wasm_ms": 269.21120900078677,
      "speedup": 11.383768355643085
    }
  },
  "memory": {
    "native_single_mb": 115.421875,
    "wasm_single_mb": 118.546875,
    "projections": {
      "1": {
        "native_mb": 115.421875,
        "wasm_mb": 118.546875
      },
      "5": {
        "native_mb": 577.109375,
        "wasm_mb": 592.734375
      },
      "10": {
        "native_mb": 1154.21875,
        "wasm_mb": 1185.46875
      },
      "20": {
        "native_mb": 2308.4375,
        "wasm_mb": 2370.9375
      },
      "1_actual": {
        "native_total_mb": 115.84375,
        "wasm_total_mb": 110.703125,
        "native_avg_mb": 115.84375,
        "wasm_avg_mb": 110.703125
      },
      "5_actual": {
        "native_total_mb": 583.421875,
        "wasm_total_mb": 561.21875,
        "native_avg_mb": 116.684375,
        "wasm_avg_mb": 112.24375
      },
      "10_actual": {
        "native_total_mb": 1179.8125,
        "wasm_total_mb": 1131.390625,
        "native_avg_mb": 117.98125,
        "wasm_avg_mb": 113.1390625
      }
    }
  }
}